/*
SQLyog Community Edition- MySQL GUI v8.17 
MySQL - 5.5.25a : Database - style
*********************************************************************
*/

/*!40101 SET NAMES utf8 */;

/*!40101 SET SQL_MODE=''*/;

/*!40014 SET @OLD_UNIQUE_CHECKS=@@UNIQUE_CHECKS, UNIQUE_CHECKS=0 */;
/*!40014 SET @OLD_FOREIGN_KEY_CHECKS=@@FOREIGN_KEY_CHECKS, FOREIGN_KEY_CHECKS=0 */;
/*!40101 SET @OLD_SQL_MODE=@@SQL_MODE, SQL_MODE='NO_AUTO_VALUE_ON_ZERO' */;
/*!40111 SET @OLD_SQL_NOTES=@@SQL_NOTES, SQL_NOTES=0 */;
USE `style`;

/*Data for the table `app_user` */

insert  into `app_user`(`id`,`account_expired`,`account_locked`,`address`,`city`,`country`,`postal_code`,`province`,`credentials_expired`,`email`,`account_enabled`,`first_name`,`last_name`,`password`,`password_hint`,`phone_number`,`username`,`version`,`website`) values (-3,'\0','\0','','Denver','US','80210','CO','\0','two_roles_user@appfuse.org','','Two Roles','User','$2a$10$bH/ssqW8OhkTlIso9/yakubYODUOmh.6m5HEJvcBq3t3VdBh7ebqO','Not a female kitty.','','two_roles_user',1,'http://raibledesigns.com'),(-2,'\0','\0','','Denver','US','80210','CO','\0','matt@raibledesigns.com','','Matt','Raible','$2a$10$bH/ssqW8OhkTlIso9/yakubYODUOmh.6m5HEJvcBq3t3VdBh7ebqO','Not a female kitty.','','admin',1,'http://raibledesigns.com'),(-1,'\0','\0','','Denver','US','80210','CO','\0','matt_raible@yahoo.com','','Tomcat','User','$2a$10$CnQVJ9bsWBjMpeSKrrdDEeuIptZxXrwtI6CZ/OgtNxhIgpKxXeT9y','A male kitty.','','user',1,'http://tomcat.apache.org');

/*Data for the table `role` */

insert  into `role`(`id`,`description`,`name`) values (-2,'Default role for all Users','ROLE_USER'),(-1,'Administrator role (can edit Users)','ROLE_ADMIN');

/*Data for the table `user_role` */

insert  into `user_role`(`user_id`,`role_id`) values (-3,-2),(-1,-2),(-3,-1),(-2,-1);

/*Data for the table `vsu_booking` */

/*Data for the table `vsu_booking_detail` */

/*Data for the table `vsu_branch` */

insert  into `vsu_branch`(`id`,`address1`,`address2`,`area`,`branch_name`,`created_by`,`created_time`,`description`,`end_time`,`is_active`,`is_cash_on_delivery_available`,`is_free_delivery_available`,`is_home_service_available`,`landmark`,`minimum_delivery_amount`,`modified_by`,`modified_time`,`open_time`,`service_charge`,`partner_id`) values ('f372655a47df62860147df676df80005','','','¬í\0sr\0com.style.model.Area25803865\0L\0areaNamet\0Ljava/lang/String;L\0cityt\0Lcom/style/model/City;L\0idq\0~\0L\0\npostalCodeq\0~\0xr\0\Zcom.style.model.BaseObjectËÎKªŒÂd\0\0xpt\0Â Annanagarsr\0com.style.model.City25803865\0L\0areast\0Ljava/util/List;L\0cityNameq\0~\0L\0countryCodeq\0~\0L\0countyq\0~\0L\0idq\0~\0L\0stateq\0~\0xq\0~\0sr\0java.util.ArrayListxÒ™Ça\0I\0sizexp\0\0\0\0w\0\0\0\nxt\0Chennait\0INpt\0$178289e8-133c-11e4-a849-e069959ac2acpt\017p','Naturals Anna nagar','admin','2014-08-16 20:50:03',NULL,NULL,1,'\0','\0','\0','Newr Anna Tower',500,'admin','2014-08-16 20:50:03',NULL,0,'f372655a47df62860147df63d5840000'),('f372655a47df62860147df6820990006','','','¬í\0sr\0com.style.model.Area25803865\0L\0areaNamet\0Ljava/lang/String;L\0cityt\0Lcom/style/model/City;L\0idq\0~\0L\0\npostalCodeq\0~\0xr\0\Zcom.style.model.BaseObjectËÎKªŒÂd\0\0xpt\0Â Adyarsr\0com.style.model.City25803865\0L\0areast\0Ljava/util/List;L\0cityNameq\0~\0L\0countryCodeq\0~\0L\0countyq\0~\0L\0idq\0~\0L\0stateq\0~\0xq\0~\0sr\0java.util.ArrayListxÒ™Ça\0I\0sizexp\0\0\0\0w\0\0\0\nxt\0Chennait\0\0pt\0$178289e8-133c-11e4-a849-e069959ac2acpt\0\0p','Femina Adayar','admin','2014-08-16 20:50:49',NULL,NULL,1,'\0','\0','\0','Near Adayar Bridge',500,'admin','2014-08-16 20:50:49',NULL,0,'f372655a47df62860147df63fe510001'),('f372655a47df62860147df69c8110007','','','¬í\0sr\0com.style.model.Area25803865\0L\0areaNamet\0Ljava/lang/String;L\0cityt\0Lcom/style/model/City;L\0idq\0~\0L\0\npostalCodeq\0~\0xr\0\Zcom.style.model.BaseObjectËÎKªŒÂd\0\0xpt\0Â Besant Nagarsr\0com.style.model.City25803865\0L\0areast\0Ljava/util/List;L\0cityNameq\0~\0L\0countryCodeq\0~\0L\0countyq\0~\0L\0idq\0~\0L\0stateq\0~\0xq\0~\0sr\0java.util.ArrayListxÒ™Ça\0I\0sizexp\0\0\0\0w\0\0\0\nxt\0Chennait\0INpt\0$178289e8-133c-11e4-a849-e069959ac2acpt\031p','Besent Nagar Green Trends','admin','2014-08-16 20:52:37',NULL,NULL,1,'\0','\0','\0','Near Bus Stand',450,'admin','2014-08-16 20:52:37',NULL,0,'f372655a47df62860147df642b4a0002'),('f372655a47df62860147df6bcb210008','','','¬í\0sr\0com.style.model.Area25803865\0L\0areaNamet\0Ljava/lang/String;L\0cityt\0Lcom/style/model/City;L\0idq\0~\0L\0\npostalCodeq\0~\0xr\0\Zcom.style.model.BaseObjectËÎKªŒÂd\0\0xpt\0Â K K Nagarsr\0com.style.model.City25803865\0L\0areast\0Ljava/util/List;L\0cityNameq\0~\0L\0countryCodeq\0~\0L\0countyq\0~\0L\0idq\0~\0L\0stateq\0~\0xq\0~\0sr\0java.util.ArrayListxÒ™Ça\0I\0sizexp\0\0\0\0w\0\0\0\nxt\0Chennait\0INpt\0$178289e8-133c-11e4-a849-e069959ac2acpt\099p','KK Nagar Diva','admin','2014-08-16 20:54:49',NULL,NULL,1,'\0','\0','\0','',600,'admin','2014-08-16 20:54:49',NULL,0,'f372655a47df62860147df6447e10003'),('f372655a47df62860147df6c522f0009','','','¬í\0sr\0com.style.model.Area25803865\0L\0areaNamet\0Ljava/lang/String;L\0cityt\0Lcom/style/model/City;L\0idq\0~\0L\0\npostalCodeq\0~\0xr\0\Zcom.style.model.BaseObjectËÎKªŒÂd\0\0xpt\0Â Nungambakkamsr\0com.style.model.City25803865\0L\0areast\0Ljava/util/List;L\0cityNameq\0~\0L\0countryCodeq\0~\0L\0countyq\0~\0L\0idq\0~\0L\0stateq\0~\0xq\0~\0sr\0java.util.ArrayListxÒ™Ça\0I\0sizexp\0\0\0\0w\0\0\0\nxt\0Chennait\0INpt\0$178289e8-133c-11e4-a849-e069959ac2acpt\0172p','Nungampakkam Unisex','admin','2014-08-16 20:55:23',NULL,NULL,1,'\0','\0','\0','',500,'admin','2014-08-16 20:55:23',NULL,0,'f372655a47df62860147df648c6a0004'),('f372655a47df62860147df6d53e5000a','Naturals Besent Nagar','','¬í\0sr\0com.style.model.Area25803865\0L\0areaNamet\0Ljava/lang/String;L\0cityt\0Lcom/style/model/City;L\0idq\0~\0L\0\npostalCodeq\0~\0xr\0\Zcom.style.model.BaseObjectËÎKªŒÂd\0\0xpt\0Â Besant Nagarsr\0com.style.model.City25803865\0L\0areast\0Ljava/util/List;L\0cityNameq\0~\0L\0countryCodeq\0~\0L\0countyq\0~\0L\0idq\0~\0L\0stateq\0~\0xq\0~\0sr\0java.util.ArrayListxÒ™Ça\0I\0sizexp\0\0\0\0w\0\0\0\nxt\0Chennait\0INpt\0$178289e8-133c-11e4-a849-e069959ac2acpt\031p','Naturals Besent Nagar','admin','2014-08-16 20:56:29',NULL,NULL,1,'\0','\0','\0','near beach',600,'admin','2014-08-16 20:56:29',NULL,0,'f372655a47df62860147df63d5840000');

/*Data for the table `vsu_meta_area` */

insert  into `vsu_meta_area`(`id`,`area_name`,`postal_code`,`city_id`) values ('1','Â Abiramapuram','Â 600018','178289e8-133c-11e4-a849-e069959ac2ac'),('10','Â Ambattur Industrial Estat','Â 600058','178289e8-133c-11e4-a849-e069959ac2ac'),('100','Â Kadirvedu','Â 600066','178289e8-133c-11e4-a849-e069959ac2ac'),('101','Â Kaladipet','Â 600019','178289e8-133c-11e4-a849-e069959ac2ac'),('102','Â Kalignar Karunanidhinagar','Â 600078','178289e8-133c-11e4-a849-e069959ac2ac'),('103','Â Kalinga Colony','Â 600078','178289e8-133c-11e4-a849-e069959ac2ac'),('104','Â Kalmandapam','Â 600013','178289e8-133c-11e4-a849-e069959ac2ac'),('105','Â Kamarajanagar','Â 600071','178289e8-133c-11e4-a849-e069959ac2ac'),('106','Â Kasimode','Â 600013','178289e8-133c-11e4-a849-e069959ac2ac'),('107','Â Kasturbanagar','Â 600020','178289e8-133c-11e4-a849-e069959ac2ac'),('108','Â Kilpauk','Â 600010','178289e8-133c-11e4-a849-e069959ac2ac'),('109','Â Kilpauk Garden Colony','Â 600010','178289e8-133c-11e4-a849-e069959ac2ac'),('11','Â Ambattur West','Â 600053','178289e8-133c-11e4-a849-e069959ac2ac'),('110','Â Kilpauk Medical College','Â 600010','178289e8-133c-11e4-a849-e069959ac2ac'),('111','Â Kilpauk West','Â 600010','178289e8-133c-11e4-a849-e069959ac2ac'),('112','Â Kodambakkam','Â 600024','178289e8-133c-11e4-a849-e069959ac2ac'),('113','Â Kodambakkam West','Â 600024','178289e8-133c-11e4-a849-e069959ac2ac'),('114','Â Kolathur-Cpt','Â 600099','178289e8-133c-11e4-a849-e069959ac2ac'),('115','Â Korattur','Â 600080','178289e8-133c-11e4-a849-e069959ac2ac'),('116','Â Korattur R S','Â 600076','178289e8-133c-11e4-a849-e069959ac2ac'),('117','Â Korukkupet','Â 600021','178289e8-133c-11e4-a849-e069959ac2ac'),('118','Â Kosapet','Â 600012','178289e8-133c-11e4-a849-e069959ac2ac'),('119','Â Kothwal Market','Â 600001','178289e8-133c-11e4-a849-e069959ac2ac'),('12','Â Aminijikarai','Â 600029','178289e8-133c-11e4-a849-e069959ac2ac'),('120','Â Kottur Gram','Â 600085','178289e8-133c-11e4-a849-e069959ac2ac'),('121','Â Kottur Madras','Â 600085','178289e8-133c-11e4-a849-e069959ac2ac'),('122','Â Koyambedu','Â 600107','178289e8-133c-11e4-a849-e069959ac2ac'),('123','Â Krishnampet','Â 600005','178289e8-133c-11e4-a849-e069959ac2ac'),('124','Â Kudlyiruppur','Â 600089','178289e8-133c-11e4-a849-e069959ac2ac'),('125','Â Kumaran Nagar','Â 600033','178289e8-133c-11e4-a849-e069959ac2ac'),('126','Â Kunnathur Kanchipuram','Â 600069','178289e8-133c-11e4-a849-e069959ac2ac'),('127','Â Lic Colony Tambaram','Â 600059','178289e8-133c-11e4-a849-e069959ac2ac'),('128','Â Ligods Estate','Â 600014','178289e8-133c-11e4-a849-e069959ac2ac'),('129','Â Ligods Road','Â 600014','178289e8-133c-11e4-a849-e069959ac2ac'),('13','Â Anakaputhur','Â 600070','178289e8-133c-11e4-a849-e069959ac2ac'),('130','Â Loyla College','Â 600034','178289e8-133c-11e4-a849-e069959ac2ac'),('131','Â Luz Church Road','Â 600004','178289e8-133c-11e4-a849-e069959ac2ac'),('132','Â M P T Admn Office','Â 600001','178289e8-133c-11e4-a849-e069959ac2ac'),('133','Â Madhavaram','Â 600060','178289e8-133c-11e4-a849-e069959ac2ac'),('134','Â Madhavaram East','Â 600060','178289e8-133c-11e4-a849-e069959ac2ac'),('135','Â Madhavaram Milk Colony','Â 600051','178289e8-133c-11e4-a849-e069959ac2ac'),('136','Â Madipakkam','Â 600091','178289e8-133c-11e4-a849-e069959ac2ac'),('137','Â Madras Air Port','Â 600027','178289e8-133c-11e4-a849-e069959ac2ac'),('138','Â Madras Electricity System','Â 600002','178289e8-133c-11e4-a849-e069959ac2ac'),('139','Â Madras Gpo','Â 600001','178289e8-133c-11e4-a849-e069959ac2ac'),('14','Â Angappanaicken Street','Â 600001','178289e8-133c-11e4-a849-e069959ac2ac'),('140','Â Madras Medical College','Â 600003','178289e8-133c-11e4-a849-e069959ac2ac'),('141','Â Madras Presidency College','Â 600005','178289e8-133c-11e4-a849-e069959ac2ac'),('142','Â Madras Race Course','Â 600032','178289e8-133c-11e4-a849-e069959ac2ac'),('143','Â Madras University','Â 600005','178289e8-133c-11e4-a849-e069959ac2ac'),('144','Â Mambalam East','Â 600033','178289e8-133c-11e4-a849-e069959ac2ac'),('145','Â Mambalam R S','Â 600033','178289e8-133c-11e4-a849-e069959ac2ac'),('146','Â Manali Madras','Â 600068','178289e8-133c-11e4-a849-e069959ac2ac'),('147','Â Manali New Town','Â 600103','178289e8-133c-11e4-a849-e069959ac2ac'),('148','Â Mandavalli','Â 600004','178289e8-133c-11e4-a849-e069959ac2ac'),('149','Â Mannady','Â 600001','178289e8-133c-11e4-a849-e069959ac2ac'),('15','Â Anna Road H O','Â 600002','178289e8-133c-11e4-a849-e069959ac2ac'),('150','Â Mannurpettai','Â 600050','178289e8-133c-11e4-a849-e069959ac2ac'),('151','Â Medavakkam Tank Road','Â 600010','178289e8-133c-11e4-a849-e069959ac2ac'),('152','Â Mednambedu','Â 600053','178289e8-133c-11e4-a849-e069959ac2ac'),('153','Â Mettupalayam','Â 600033','178289e8-133c-11e4-a849-e069959ac2ac'),('154','Â Minambakkam','Â 600027','178289e8-133c-11e4-a849-e069959ac2ac'),('155','Â Mint Buildings','Â 600001','178289e8-133c-11e4-a849-e069959ac2ac'),('156','Â Monegar Choultry','Â 600001','178289e8-133c-11e4-a849-e069959ac2ac'),('157','Â Moolakadai','Â 600060','178289e8-133c-11e4-a849-e069959ac2ac'),('158','Â Mpt Staff Colony','Â 600081','178289e8-133c-11e4-a849-e069959ac2ac'),('159','Â Ms Accountant General','Â 600018','178289e8-133c-11e4-a849-e069959ac2ac'),('16','Â Annamalaipuram','Â 600028','178289e8-133c-11e4-a849-e069959ac2ac'),('160','Â Ms Vivekanands College','Â 600004','178289e8-133c-11e4-a849-e069959ac2ac'),('161','Â Muthialpet','Â 600001','178289e8-133c-11e4-a849-e069959ac2ac'),('162','Â Mylopore','Â 600004','178289e8-133c-11e4-a849-e069959ac2ac'),('163','Â Naganallur','Â 600061','178289e8-133c-11e4-a849-e069959ac2ac'),('164','Â Naganallur South','Â 600061','178289e8-133c-11e4-a849-e069959ac2ac'),('165','Â Nandanam','Â 600035','178289e8-133c-11e4-a849-e069959ac2ac'),('166','Â Nandanam Bazaar','Â 600035','178289e8-133c-11e4-a849-e069959ac2ac'),('167','Â Nanganallur Bazaar','Â 600061','178289e8-133c-11e4-a849-e069959ac2ac'),('168','Â Negelkeni','Â 600044','178289e8-133c-11e4-a849-e069959ac2ac'),('169','Â New Avadi Road','Â 600010','178289e8-133c-11e4-a849-e069959ac2ac'),('17','Â Annanagar','Â 600040','178289e8-133c-11e4-a849-e069959ac2ac'),('170','Â Nochikuppam Colony','Â 600004','178289e8-133c-11e4-a849-e069959ac2ac'),('171','Â North Thyagarayanagar','Â 600017','178289e8-133c-11e4-a849-e069959ac2ac'),('172','Â Nungambakkam','Â 600034','178289e8-133c-11e4-a849-e069959ac2ac'),('173','Â Nungambakkam Bazaar','Â 600034','178289e8-133c-11e4-a849-e069959ac2ac'),('174','Â Nungambakkam High Road','Â 600034','178289e8-133c-11e4-a849-e069959ac2ac'),('175','Â Offiers Trg School','Â 600037','178289e8-133c-11e4-a849-e069959ac2ac'),('176','Â Old College Buildings','Â 600006','178289e8-133c-11e4-a849-e069959ac2ac'),('177','Â Orgadam','Â 600053','178289e8-133c-11e4-a849-e069959ac2ac'),('178','Â Padi','Â 600050','178289e8-133c-11e4-a849-e069959ac2ac'),('179','Â Padi South','Â 600050','178289e8-133c-11e4-a849-e069959ac2ac'),('18','Â Annanagar East','Â 600102','178289e8-133c-11e4-a849-e069959ac2ac'),('180','Â Padianallur','Â 600052','178289e8-133c-11e4-a849-e069959ac2ac'),('181','Â Pallavaram','Â 600043','178289e8-133c-11e4-a849-e069959ac2ac'),('182','Â Pallavaram North','Â 600043','178289e8-133c-11e4-a849-e069959ac2ac'),('183','Â Pallavaram South','Â 600043','178289e8-133c-11e4-a849-e069959ac2ac'),('184','Â Palvanthangal','Â 600061','178289e8-133c-11e4-a849-e069959ac2ac'),('185','Â Pammal','Â 600075','178289e8-133c-11e4-a849-e069959ac2ac'),('186','Â Panagal Park','Â 600017','178289e8-133c-11e4-a849-e069959ac2ac'),('187','Â Panchiappas College Hoste','Â 600030','178289e8-133c-11e4-a849-e069959ac2ac'),('188','Â Park Town','Â 600003','178289e8-133c-11e4-a849-e069959ac2ac'),('189','Â Parthasarathy Koil','Â 600005','178289e8-133c-11e4-a849-e069959ac2ac'),('19','Â Annanagar Western Extn','Â 600101','178289e8-133c-11e4-a849-e069959ac2ac'),('190','Â Pattabiram','Â 600072','178289e8-133c-11e4-a849-e069959ac2ac'),('191','Â Pattabiram East','Â 600072','178289e8-133c-11e4-a849-e069959ac2ac'),('192','Â Perambur','Â 600011','178289e8-133c-11e4-a849-e069959ac2ac'),('193','Â Perambur Barracks','Â 600012','178289e8-133c-11e4-a849-e069959ac2ac'),('194','Â Perambur High Road','Â 600012','178289e8-133c-11e4-a849-e069959ac2ac'),('195','Â Perambur North','Â 600011','178289e8-133c-11e4-a849-e069959ac2ac'),('196','Â Perungudi','Â 600096','178289e8-133c-11e4-a849-e069959ac2ac'),('197','Â Police Head Quarters','Â 600004','178289e8-133c-11e4-a849-e069959ac2ac'),('198','Â Polichalur','Â 600074','178289e8-133c-11e4-a849-e069959ac2ac'),('199','Â Ponniammanmedu','Â 600110','178289e8-133c-11e4-a849-e069959ac2ac'),('2','Â Adambakkam','Â 600088','178289e8-133c-11e4-a849-e069959ac2ac'),('20','Â Annaroad Sourth','Â 600002','178289e8-133c-11e4-a849-e069959ac2ac'),('200','Â Poonamallee','Â 600056','178289e8-133c-11e4-a849-e069959ac2ac'),('201','Â Poonamallee East','Â 600056','178289e8-133c-11e4-a849-e069959ac2ac'),('202','Â Pozhal','Â 600060','178289e8-133c-11e4-a849-e069959ac2ac'),('203','Â Prithivipakkam','Â 600053','178289e8-133c-11e4-a849-e069959ac2ac'),('204','Â Pudupakkam','Â 600014','178289e8-133c-11e4-a849-e069959ac2ac'),('205','Â Pudupet','Â 600002','178289e8-133c-11e4-a849-e069959ac2ac'),('206','Â Pulianthope','Â 600012','178289e8-133c-11e4-a849-e069959ac2ac'),('207','Â Purasawakkam','Â 600084','178289e8-133c-11e4-a849-e069959ac2ac'),('208','Â R A Puram Colony','Â 600028','178289e8-133c-11e4-a849-e069959ac2ac'),('209','Â Radhanagar','Â 600044','178289e8-133c-11e4-a849-e069959ac2ac'),('21','Â Arcot Road','Â 600024','178289e8-133c-11e4-a849-e069959ac2ac'),('210','Â Railway Car Shed Complex','Â 600109','178289e8-133c-11e4-a849-e069959ac2ac'),('211','Â Railway Colony','Â 600059','178289e8-133c-11e4-a849-e069959ac2ac'),('212','Â Raj Bhavan Madras Raja','Â 600022','178289e8-133c-11e4-a849-e069959ac2ac'),('213','Â Rajah Thottam','Â 600082','178289e8-133c-11e4-a849-e069959ac2ac'),('214','Â Rajainagar','Â 600043','178289e8-133c-11e4-a849-e069959ac2ac'),('215','Â Ramakrishnanagar','Â 600028','178289e8-133c-11e4-a849-e069959ac2ac'),('216','Â Rayapuram Madras','Â 600013','178289e8-133c-11e4-a849-e069959ac2ac'),('217','Â Rayapuram Market','Â 600013','178289e8-133c-11e4-a849-e069959ac2ac'),('218','Â Red Hills','Â 600052','178289e8-133c-11e4-a849-e069959ac2ac'),('219','Â Red Hills Bazaar','Â 600052','178289e8-133c-11e4-a849-e069959ac2ac'),('22','Â Arumbakkam','Â 600106','178289e8-133c-11e4-a849-e069959ac2ac'),('220','Â Regional Engg College','Â 600052','178289e8-133c-11e4-a849-e069959ac2ac'),('221','Â Rengarajapuram','Â 600024','178289e8-133c-11e4-a849-e069959ac2ac'),('222','Â Ripon Buildings','Â 600003','178289e8-133c-11e4-a849-e069959ac2ac'),('223','Â Royapettah','Â 600014','178289e8-133c-11e4-a849-e069959ac2ac'),('224','Â Royapettah High Road','Â 600004','178289e8-133c-11e4-a849-e069959ac2ac'),('225','Â Saidapet Madras','Â 600015','178289e8-133c-11e4-a849-e069959ac2ac'),('226','Â Saidapet West','Â 600015','178289e8-133c-11e4-a849-e069959ac2ac'),('227','Â Saidhapet North','Â 600015','178289e8-133c-11e4-a849-e069959ac2ac'),('228','Â Saligramam','Â 600093','178289e8-133c-11e4-a849-e069959ac2ac'),('229','Â Saligramam South','Â 600093','178289e8-133c-11e4-a849-e069959ac2ac'),('23','Â Ashok Nagar','Â 600083','178289e8-133c-11e4-a849-e069959ac2ac'),('230','Â Santhome','Â 600004','178289e8-133c-11e4-a849-e069959ac2ac'),('231','Â Sastrinagar','Â 600020','178289e8-133c-11e4-a849-e069959ac2ac'),('232','Â Sathyamurthinagar','Â 600062','178289e8-133c-11e4-a849-e069959ac2ac'),('233','Â Selaiyur','Â 600073','178289e8-133c-11e4-a849-e069959ac2ac'),('234','Â Sembiam','Â 600011','178289e8-133c-11e4-a849-e069959ac2ac'),('235','Â Sembier Street','Â 600001','178289e8-133c-11e4-a849-e069959ac2ac'),('236','Â Service Centre','Â 600031','178289e8-133c-11e4-a849-e069959ac2ac'),('237','Â Seven Wells','Â 600001','178289e8-133c-11e4-a849-e069959ac2ac'),('238','Â Shanmugapuram','Â 600019','178289e8-133c-11e4-a849-e069959ac2ac'),('239','Â Shastri Bhavan','Â 600006','178289e8-133c-11e4-a849-e069959ac2ac'),('24','Â Ashtabujam Road','Â 600112','178289e8-133c-11e4-a849-e069959ac2ac'),('240','Â Shenoynagar','Â 600030','178289e8-133c-11e4-a849-e069959ac2ac'),('241','Â Sidco Estate','Â 600098','178289e8-133c-11e4-a849-e069959ac2ac'),('242','Â Sithathur','Â 600074','178289e8-133c-11e4-a849-e069959ac2ac'),('243','Â Solai Street','Â 600023','178289e8-133c-11e4-a849-e069959ac2ac'),('244','Â Solavaram','Â 600067','178289e8-133c-11e4-a849-e069959ac2ac'),('245','Â Sowcarpet','Â 600079','178289e8-133c-11e4-a849-e069959ac2ac'),('246','Â Sri Ayyappanagar','Â 600111','178289e8-133c-11e4-a849-e069959ac2ac'),('247','Â Srinivasanagar','Â 600063','178289e8-133c-11e4-a849-e069959ac2ac'),('248','Â St Thomas Mount H O','Â 600016','178289e8-133c-11e4-a849-e069959ac2ac'),('249','Â Syrahans Road','Â 600012','178289e8-133c-11e4-a849-e069959ac2ac'),('25','Â Avadi','Â 600054','178289e8-133c-11e4-a849-e069959ac2ac'),('250','Â Tambaram East','Â 600059','178289e8-133c-11e4-a849-e069959ac2ac'),('251','Â Tambaram H O','Â 600045','178289e8-133c-11e4-a849-e069959ac2ac'),('252','Â Tambaram I A F','Â 600046','178289e8-133c-11e4-a849-e069959ac2ac'),('253','Â Tambaram Sanitorium','Â 600047','178289e8-133c-11e4-a849-e069959ac2ac'),('254','Â Tambaram West','Â 600045','178289e8-133c-11e4-a849-e069959ac2ac'),('255','Â Taramani','Â 600113','178289e8-133c-11e4-a849-e069959ac2ac'),('256','Â Technical Teachers Trg In','Â 600020','178289e8-133c-11e4-a849-e069959ac2ac'),('257','Â Teynampet','Â 600018','178289e8-133c-11e4-a849-e069959ac2ac'),('258','Â Teynampet South','Â 600018','178289e8-133c-11e4-a849-e069959ac2ac'),('259','Â Teynampet West','Â 600006','178289e8-133c-11e4-a849-e069959ac2ac'),('26','Â Avadi Air Force Quarters','Â 600055','178289e8-133c-11e4-a849-e069959ac2ac'),('260','Â Thandarai','Â 600072','178289e8-133c-11e4-a849-e069959ac2ac'),('261','Â Thayagaranagar H O','Â 600017','178289e8-133c-11e4-a849-e069959ac2ac'),('262','Â Theosophical Society','Â 600020','178289e8-133c-11e4-a849-e069959ac2ac'),('263','Â Thillaiganganagar','Â 600061','178289e8-133c-11e4-a849-e069959ac2ac'),('264','Â Thyagarayanagar South','Â 600017','178289e8-133c-11e4-a849-e069959ac2ac'),('265','Â Tirumangalam Road','Â 600049','178289e8-133c-11e4-a849-e069959ac2ac'),('266','Â Tiruvaluvar Nagar','Â 600016','178289e8-133c-11e4-a849-e069959ac2ac'),('267','Â Tiruvanmiyur','Â 600041','178289e8-133c-11e4-a849-e069959ac2ac'),('268','Â Tiruvellikeni','Â 600005','178289e8-133c-11e4-a849-e069959ac2ac'),('269','Â Tiruverkadu','Â 600077','178289e8-133c-11e4-a849-e069959ac2ac'),('27','Â Avadi Camp H O','Â 600054','178289e8-133c-11e4-a849-e069959ac2ac'),('270','Â Tiruvottiur Central','Â 600019','178289e8-133c-11e4-a849-e069959ac2ac'),('271','Â Tiruvottiyur','Â 600019','178289e8-133c-11e4-a849-e069959ac2ac'),('272','Â Tiruvottiyur North','Â 600019','178289e8-133c-11e4-a849-e069959ac2ac'),('273','Â Tiruvottiyur West','Â 600019','178289e8-133c-11e4-a849-e069959ac2ac'),('274','Â Tondikarpet','Â 600081','178289e8-133c-11e4-a849-e069959ac2ac'),('275','Â Treaning Institute','Â 600113','178289e8-133c-11e4-a849-e069959ac2ac'),('276','Â Triplicane South','Â 600014','178289e8-133c-11e4-a849-e069959ac2ac'),('277','Â Usman Road','Â 600017','178289e8-133c-11e4-a849-e069959ac2ac'),('278','Â Vadapalani','Â 600026','178289e8-133c-11e4-a849-e069959ac2ac'),('279','Â Vandalur','Â 600048','178289e8-133c-11e4-a849-e069959ac2ac'),('28','Â Avadi Iaf','Â 600055','178289e8-133c-11e4-a849-e069959ac2ac'),('280','Â Velacheri','Â 600042','178289e8-133c-11e4-a849-e069959ac2ac'),('281','Â Venkatesapuram','Â 600012','178289e8-133c-11e4-a849-e069959ac2ac'),('282','Â Vepery','Â 600007','178289e8-133c-11e4-a849-e069959ac2ac'),('283','Â Vijayalakshmipuram','Â 600053','178289e8-133c-11e4-a849-e069959ac2ac'),('284','Â Villivakkam','Â 600049','178289e8-133c-11e4-a849-e069959ac2ac'),('285','Â Villivakkam North','Â 600049','178289e8-133c-11e4-a849-e069959ac2ac'),('286','Â Villivakkam South','Â 600049','178289e8-133c-11e4-a849-e069959ac2ac'),('287','Â Virugambakkam','Â 600092','178289e8-133c-11e4-a849-e069959ac2ac'),('288','Â Virugambakkam Bazar','Â 600092','178289e8-133c-11e4-a849-e069959ac2ac'),('289','Â Virugambakkam North','Â 600092','178289e8-133c-11e4-a849-e069959ac2ac'),('29','Â Ayanavaram','Â 600023','178289e8-133c-11e4-a849-e069959ac2ac'),('290','Â Vyasarpady','Â 600039','178289e8-133c-11e4-a849-e069959ac2ac'),('291','Â Vysarnagar Colony','Â 600039','178289e8-133c-11e4-a849-e069959ac2ac'),('292','Â Vysarpady Coop Ind Estate','Â 600039','178289e8-133c-11e4-a849-e069959ac2ac'),('293','Â Wal Tax Road','Â 600001','178289e8-133c-11e4-a849-e069959ac2ac'),('294','Â Washermanpeta East','Â 600021','178289e8-133c-11e4-a849-e069959ac2ac'),('295','Â Washermanpetta','Â 600021','178289e8-133c-11e4-a849-e069959ac2ac'),('296','Â West Mambalam','Â 600033','178289e8-133c-11e4-a849-e069959ac2ac'),('297','Â Wimconagar','Â 600019','178289e8-133c-11e4-a849-e069959ac2ac'),('298','Â World University','Â 600031','178289e8-133c-11e4-a849-e069959ac2ac'),('3','Â Adyar','Â 600020','178289e8-133c-11e4-a849-e069959ac2ac'),('30','Â Ayanavaram Rly Colony','Â 600023','178289e8-133c-11e4-a849-e069959ac2ac'),('31','Â Besant Nagar','Â 600090','178289e8-133c-11e4-a849-e069959ac2ac'),('32','Â Besantnagat South','Â 600090','178289e8-133c-11e4-a849-e069959ac2ac'),('33','Â Bharathipuram','Â 600044','178289e8-133c-11e4-a849-e069959ac2ac'),('34','Â Broadway','Â 600108','178289e8-133c-11e4-a849-e069959ac2ac'),('35','Â Bullion Market','Â 600079','178289e8-133c-11e4-a849-e069959ac2ac'),('36','Â Butt Road','Â 600016','178289e8-133c-11e4-a849-e069959ac2ac'),('37','Â C-In-C Road','Â 600105','178289e8-133c-11e4-a849-e069959ac2ac'),('38','Â Cathedral','Â 600006','178289e8-133c-11e4-a849-e069959ac2ac'),('39','Â Cemetry Road','Â 600021','178289e8-133c-11e4-a849-e069959ac2ac'),('4','Â Agaram','Â 600082','178289e8-133c-11e4-a849-e069959ac2ac'),('40','Â Central Institute Of Tech','Â 600020','178289e8-133c-11e4-a849-e069959ac2ac'),('41','Â Central Leather Research','Â 600020','178289e8-133c-11e4-a849-e069959ac2ac'),('42','Â Central Station','Â 600003','178289e8-133c-11e4-a849-e069959ac2ac'),('43','Â Central Vehicle Depot','Â 600055','178289e8-133c-11e4-a849-e069959ac2ac'),('44','Â Central Vehicle Research','Â 600054','178289e8-133c-11e4-a849-e069959ac2ac'),('45','Â Chamiers Road','Â 600018','178289e8-133c-11e4-a849-e069959ac2ac'),('46','Â Chepauk','Â 600005','178289e8-133c-11e4-a849-e069959ac2ac'),('47','Â Chetput H O','Â 600031','178289e8-133c-11e4-a849-e069959ac2ac'),('48','Â Chinnaiah Mudali Colony','Â 600011','178289e8-133c-11e4-a849-e069959ac2ac'),('49','Â Chintadripeta','Â 600002','178289e8-133c-11e4-a849-e069959ac2ac'),('5','Â Alandur','Â 600016','178289e8-133c-11e4-a849-e069959ac2ac'),('50','Â Chitlapakkam','Â 600064','178289e8-133c-11e4-a849-e069959ac2ac'),('51','Â Choolai','Â 600112','178289e8-133c-11e4-a849-e069959ac2ac'),('52','Â Choolaimedu','Â 600094','178289e8-133c-11e4-a849-e069959ac2ac'),('53','Â Choolaimedu Mdo','Â 600094','178289e8-133c-11e4-a849-e069959ac2ac'),('54','Â Christian College','Â 600059','178289e8-133c-11e4-a849-e069959ac2ac'),('55','Â Chromepet','Â 600044','178289e8-133c-11e4-a849-e069959ac2ac'),('56','Â Crp Camp','Â 600065','178289e8-133c-11e4-a849-e069959ac2ac'),('57','Â D G Vaishnav College','Â 600106','178289e8-133c-11e4-a849-e069959ac2ac'),('58','Â Decoster Road','Â 600012','178289e8-133c-11e4-a849-e069959ac2ac'),('59','Â Defence Officers Colony','Â 600097','178289e8-133c-11e4-a849-e069959ac2ac'),('6','Â Alandur North','Â 600032','178289e8-133c-11e4-a849-e069959ac2ac'),('60','Â Dr Ambedkarnagar','Â 600003','178289e8-133c-11e4-a849-e069959ac2ac'),('61','Â Edapalayam','Â 600003','178289e8-133c-11e4-a849-e069959ac2ac'),('62','Â Egmore','Â 600008','178289e8-133c-11e4-a849-e069959ac2ac'),('63','Â Egmore High Road','Â 600008','178289e8-133c-11e4-a849-e069959ac2ac'),('64','Â Ekkaduthangal','Â 600032','178289e8-133c-11e4-a849-e069959ac2ac'),('65','Â Eldams Road','Â 600018','178289e8-133c-11e4-a849-e069959ac2ac'),('66','Â Engineering College Directorat','Â 600025','178289e8-133c-11e4-a849-e069959ac2ac'),('67','Â Ennur R S','Â 600057','178289e8-133c-11e4-a849-e069959ac2ac'),('68','Â Ennur Thermal Station','Â 600057','178289e8-133c-11e4-a849-e069959ac2ac'),('69','Â Ernavur','Â 600057','178289e8-133c-11e4-a849-e069959ac2ac'),('7','Â Alwar Tirunagar','Â 600087','178289e8-133c-11e4-a849-e069959ac2ac'),('70','Â Flower Bazar','Â 600001','178289e8-133c-11e4-a849-e069959ac2ac'),('71','Â Flowers Road','Â 600084','178289e8-133c-11e4-a849-e069959ac2ac'),('72','Â Fore Shore Estate','Â 600028','178289e8-133c-11e4-a849-e069959ac2ac'),('73','Â Fort St George','Â 600009','178289e8-133c-11e4-a849-e069959ac2ac'),('74','Â Ganapathipuram','Â 600059','178289e8-133c-11e4-a849-e069959ac2ac'),('75','Â Gandhi Nagar','Â 600020','178289e8-133c-11e4-a849-e069959ac2ac'),('76','Â Ganesh Nagar','Â 600088','178289e8-133c-11e4-a849-e069959ac2ac'),('77','Â Gaugadeeswaran Koil','Â 600084','178289e8-133c-11e4-a849-e069959ac2ac'),('78','Â Gollawar Agraharam Road','Â 600021','178289e8-133c-11e4-a849-e069959ac2ac'),('79','Â Gopalapuram','Â 600086','178289e8-133c-11e4-a849-e069959ac2ac'),('8','Â Ambattur Bazaar','Â 600053','178289e8-133c-11e4-a849-e069959ac2ac'),('80','Â Goudiyamath Road','Â 600014','178289e8-133c-11e4-a849-e069959ac2ac'),('81','Â Government Estate','Â 600002','178289e8-133c-11e4-a849-e069959ac2ac'),('82','Â Govt Stanely Hospital','Â 600001','178289e8-133c-11e4-a849-e069959ac2ac'),('83','Â Greams Road','Â 600006','178289e8-133c-11e4-a849-e069959ac2ac'),('84','Â Ground Training School','Â 600046','178289e8-133c-11e4-a849-e069959ac2ac'),('85','Â Guindy Ind Estate','Â 600032','178289e8-133c-11e4-a849-e069959ac2ac'),('86','Â Gunidy North','Â 600015','178289e8-133c-11e4-a849-e069959ac2ac'),('87','Â Habibullah Road','Â 600017','178289e8-133c-11e4-a849-e069959ac2ac'),('88','Â Harinarayanapuram','Â 600021','178289e8-133c-11e4-a849-e069959ac2ac'),('89','Â Harrington Road','Â 600031','178289e8-133c-11e4-a849-e069959ac2ac'),('9','Â Ambattur H O','Â 600053','178289e8-133c-11e4-a849-e069959ac2ac'),('90','Â High Court Buildings','Â 600104','178289e8-133c-11e4-a849-e069959ac2ac'),('91','Â Hindi Prachar Sabha','Â 600017','178289e8-133c-11e4-a849-e069959ac2ac'),('92','Â Hindustan Teleprinters','Â 600032','178289e8-133c-11e4-a849-e069959ac2ac'),('93','Â I C F Colony','Â 600038','178289e8-133c-11e4-a849-e069959ac2ac'),('94','Â Indian Inst Of Technology','Â 600036','178289e8-133c-11e4-a849-e069959ac2ac'),('95','Â Indra Nagar','Â 600020','178289e8-133c-11e4-a849-e069959ac2ac'),('96','Â Jaffarkhanpet','Â 600095','178289e8-133c-11e4-a849-e069959ac2ac'),('97','Â Jam Bazaar','Â 600014','178289e8-133c-11e4-a849-e069959ac2ac'),('98','Â Jawahar Nagar','Â 600082','178289e8-133c-11e4-a849-e069959ac2ac'),('99','Â K K Nagar','Â 600078','178289e8-133c-11e4-a849-e069959ac2ac');

/*Data for the table `vsu_meta_city` */

insert  into `vsu_meta_city`(`id`,`city_name`,`country_code`,`country`,`state`) values ('178289e8-133c-11e4-a849-e069959ac2ac','Chennai','IN','India','Tamil Nadu');

/*Data for the table `vsu_partner` */

insert  into `vsu_partner`(`id`,`created_by`,`created_time`,`description`,`image_path`,`is_active`,`modified_by`,`modified_time`,`partner_name`) values ('f372655a47df62860147df63d5840000','admin','2014-08-16 20:46:07',NULL,NULL,1,'admin','2014-08-16 20:46:07','Naturals'),('f372655a47df62860147df63fe510001','admin','2014-08-16 20:46:18',NULL,NULL,1,'admin','2014-08-16 20:46:18','Femina'),('f372655a47df62860147df642b4a0002','admin','2014-08-16 20:46:29',NULL,NULL,1,'admin','2014-08-16 20:46:29','Green Trends'),('f372655a47df62860147df6447e10003','admin','2014-08-16 20:46:36',NULL,NULL,1,'admin','2014-08-16 20:46:36','Diva'),('f372655a47df62860147df648c6a0004','admin','2014-08-16 20:46:54',NULL,NULL,1,'admin','2014-08-16 20:46:54','Unisex');

/*Data for the table `vsu_product` */

insert  into `vsu_product`(`id`,`created_by`,`created_time`,`description`,`gender`,`image_path`,`is_active`,`is_combo_product`,`modified_by`,`modified_time`,`product_name`,`product_category_id`) values ('f372655a47df62860147df7260870014','admin','2014-08-16 21:02:00','The waxing services here are made special by using two types of wax: The liposoluble wax made from a mixture of resin extracts and highly refined oils will nourish your skin and remove skin tan and leaving you feeling comfortably smooth.','male','/images/products/Hand_Wax.jpg',1,'\0','admin','2014-08-16 21:02:00','Hand Wax','f372655a47df62860147df6e450e000c'),('f372655a47df62860147df73cd47001b','admin','2014-08-16 21:03:34','The waxing services here are made special by using two types of wax: The liposoluble wax made from a mixture of resin extracts and highly refined oils will nourish your skin and remove skin tan and leaving you feeling comfortably smooth.','male','/images/products/Eyebrows_Threading.jpg',1,'\0','admin','2014-08-16 21:03:34','Eyebrows Threading','f372655a47df62860147df6dd8e3000b');

/*Data for the table `vsu_product_category` */

insert  into `vsu_product_category`(`id`,`category_name`,`created_by`,`created_time`,`description`,`is_active`,`modified_by`,`modified_time`) values ('f372655a47df62860147df6dd8e3000b','Threading','admin','2014-08-16 20:57:03',NULL,1,'admin','2014-08-16 20:57:03'),('f372655a47df62860147df6e450e000c','Waxing','admin','2014-08-16 20:57:31',NULL,1,'admin','2014-08-16 20:57:31');

/*Data for the table `vsu_product_price` */

insert  into `vsu_product_price`(`priceId`,`currency_code`,`currency_symbol`,`price`,`branch_id`,`product_id`) values ('f372655a47df62860147df7260890015','Rs.',NULL,150,'f372655a47df62860147df676df80005','f372655a47df62860147df7260870014'),('f372655a47df62860147df72608d0016','Rs.',NULL,150,'f372655a47df62860147df6820990006','f372655a47df62860147df7260870014'),('f372655a47df62860147df7260930017','Rs.',NULL,200,'f372655a47df62860147df6d53e5000a','f372655a47df62860147df7260870014'),('f372655a47df62860147df7260990018','Rs.',NULL,250,'f372655a47df62860147df69c8110007','f372655a47df62860147df7260870014'),('f372655a47df62860147df72609b0019','Rs.',NULL,300,'f372655a47df62860147df6bcb210008','f372655a47df62860147df7260870014'),('f372655a47df62860147df72609c001a','Rs.',NULL,200,'f372655a47df62860147df6c522f0009','f372655a47df62860147df7260870014'),('f372655a47df62860147df73cd4c001c','Rs.',NULL,250,'f372655a47df62860147df676df80005','f372655a47df62860147df73cd47001b'),('f372655a47df62860147df73cd4d001d','Rs.',NULL,650,'f372655a47df62860147df6d53e5000a','f372655a47df62860147df73cd47001b'),('f372655a47df62860147df73cd4e001e','Rs.',NULL,350,'f372655a47df62860147df6820990006','f372655a47df62860147df73cd47001b'),('f372655a47df62860147df73cd4f001f','Rs.',NULL,540,'f372655a47df62860147df69c8110007','f372655a47df62860147df73cd47001b'),('f372655a47df62860147df73cd520020','Rs.',NULL,120,'f372655a47df62860147df6bcb210008','f372655a47df62860147df73cd47001b'),('f372655a47df62860147df73cd560021','Rs.',NULL,450,'f372655a47df62860147df6c522f0009','f372655a47df62860147df73cd47001b');

/*Data for the table `vsu_relation_branch_product_category` */

insert  into `vsu_relation_branch_product_category`(`product_category_id`,`branch_id`) values ('f372655a47df62860147df6dd8e3000b','f372655a47df62860147df676df80005'),('f372655a47df62860147df6e450e000c','f372655a47df62860147df676df80005'),('f372655a47df62860147df6dd8e3000b','f372655a47df62860147df6820990006'),('f372655a47df62860147df6dd8e3000b','f372655a47df62860147df69c8110007'),('f372655a47df62860147df6e450e000c','f372655a47df62860147df6bcb210008'),('f372655a47df62860147df6e450e000c','f372655a47df62860147df6c522f0009'),('f372655a47df62860147df6dd8e3000b','f372655a47df62860147df6d53e5000a'),('f372655a47df62860147df6e450e000c','f372655a47df62860147df6d53e5000a');

/*!40101 SET SQL_MODE=@OLD_SQL_MODE */;
/*!40014 SET FOREIGN_KEY_CHECKS=@OLD_FOREIGN_KEY_CHECKS */;
/*!40014 SET UNIQUE_CHECKS=@OLD_UNIQUE_CHECKS */;
/*!40111 SET SQL_NOTES=@OLD_SQL_NOTES */;
